claimNumber,proposition,assertedBy,articleTreatment,groundingExcerpt,evidenceQuestion,supportWouldLookLike,refuteWouldLookLike
1,"Half of American school children are not fully vaccinated, and at least 1 in 88 toddlers are completely unvaccinated.",CDC data,—,U0002,This claim highlights the extent of vaccine hesitancy and is crucial for understanding the public health implications.,Statistical data from the CDC showing vaccination rates among school children and toddlers.,Data from the CDC indicating that vaccination rates are higher than reported or that the definitions of 'fully vaccinated' and 'unvaccinated' differ.
2,The CDC manipulated data linking the MMR vaccine to autism and ordered scientists to destroy evidence.,"William Thompson, CDC whistleblower",—,"U0027, U0028",This claim is central to allegations of misconduct within the CDC and affects public trust in vaccine safety.,Documented evidence or transcripts from the CDC meetings discussing the manipulation of data.,Official CDC statements or independent investigations disproving the claims of data manipulation.
3,The 1986 National Childhood Vaccine Injury Act removed all liability from drug companies for childhood vaccines.,U.S. Congress,—,U0042,This claim is critical for understanding the legal landscape surrounding vaccine safety and accountability.,Text of the 1986 National Childhood Vaccine Injury Act and its implications for vaccine manufacturers.,Evidence showing that vaccine manufacturers are still held accountable under certain conditions.
4,The childhood vaccination schedule increased from 5 doses in the 1950s to 73 doses by 2011.,Historical vaccination data,—,U0048,This claim illustrates the dramatic increase in vaccine administration and raises questions about safety and necessity.,Historical vaccination schedules from health authorities showing the increase in doses over time.,Data indicating that the increase in doses corresponds with improved public health outcomes.
5,The U.S. had twice as many first-day infant deaths as all 27 EU nations combined after implementing aggressive vaccination programs.,Analysis of U.S. infant mortality data,—,U0053,"This claim links vaccination programs to infant mortality rates, which is a significant public health concern.",Comparative infant mortality statistics from the U.S. and EU countries.,Evidence showing that other factors contributed to infant mortality rates in the U.S. that are unrelated to vaccination.
6,The CDC has never safety tested the cumulative aluminum load received in multiple vaccines administered at once.,James Lyons-Weiler and Robert Ricketson,—,U0159,This claim questions the safety protocols surrounding vaccine administration and is essential for evaluating vaccine safety.,Documentation from the CDC or FDA regarding safety testing protocols for vaccines.,Evidence showing that cumulative safety testing has been conducted and deemed satisfactory.
7,"Thimerosal, a mercury-based preservative, was removed from childhood vaccines due to its neurotoxic effects.",CDC and public health statements,—,U0184,This claim is crucial for understanding the safety of vaccine ingredients and public health policy changes.,Official statements from the CDC regarding the removal of thimerosal and its reasons.,Evidence showing that thimerosal was removed for reasons unrelated to safety concerns.
8,The CDC's claim that ethylmercury in vaccines is not harmful is contradicted by scientific literature.,Gavin de Becker and other researchers,—,U0176,This claim challenges the safety narrative surrounding vaccine preservatives and is essential for evaluating vaccine safety.,Peer-reviewed studies demonstrating the neurotoxic effects of ethylmercury.,Studies showing no significant harm from ethylmercury in vaccines.
9,The rise in chronic health conditions among children correlates with the increase in vaccination rates.,Statistical health data,—,U0051,This claim is pivotal for evaluating the long-term health impacts of vaccination policies.,Epidemiological studies showing a correlation between vaccination rates and chronic health conditions.,"Research indicating that other factors, such as environmental or lifestyle changes, are responsible for the rise in chronic conditions."
