"package_version","license","used_in","publisher","repository"
"@asamuzakjp/css-color@2.8.3","MIT","backend","asamuzaK","https://github.com/asamuzaK/cssColor"
"@babel/code-frame@7.25.7","MIT","dashboard","The Babel Team","https://github.com/babel/babel"
"@babel/code-frame@7.26.2","MIT","backend;extension","The Babel Team","https://github.com/babel/babel"
"@babel/generator@7.25.7","MIT","dashboard","The Babel Team","https://github.com/babel/babel"
"@babel/generator@7.26.10","MIT","extension","The Babel Team","https://github.com/babel/babel"
"@babel/helper-module-imports@7.25.7","MIT","dashboard","The Babel Team","https://github.com/babel/babel"
"@babel/helper-module-imports@7.25.9","MIT","extension","The Babel Team","https://github.com/babel/babel"
"@babel/helper-string-parser@7.25.7","MIT","dashboard","The Babel Team","https://github.com/babel/babel"
"@babel/helper-string-parser@7.25.9","MIT","extension","The Babel Team","https://github.com/babel/babel"
"@babel/helper-validator-identifier@7.25.7","MIT","dashboard","The Babel Team","https://github.com/babel/babel"
"@babel/helper-validator-identifier@7.25.9","MIT","backend;extension","The Babel Team","https://github.com/babel/babel"
"@babel/highlight@7.25.7","MIT","dashboard","The Babel Team","https://github.com/babel/babel"
"@babel/parser@7.25.8","MIT","dashboard","The Babel Team","https://github.com/babel/babel"
"@babel/parser@7.26.10","MIT","extension","The Babel Team","https://github.com/babel/babel"
"@babel/runtime@7.25.7","MIT","dashboard","The Babel Team","https://github.com/babel/babel"
"@babel/runtime@7.26.10","MIT","extension","The Babel Team","https://github.com/babel/babel"
"@babel/template@7.25.7","MIT","dashboard","The Babel Team","https://github.com/babel/babel"
"@babel/template@7.26.9","MIT","extension","The Babel Team","https://github.com/babel/babel"
"@babel/traverse@7.25.7","MIT","dashboard","The Babel Team","https://github.com/babel/babel"
"@babel/traverse@7.26.10","MIT","extension","The Babel Team","https://github.com/babel/babel"
"@babel/types@7.25.8","MIT","dashboard","The Babel Team","https://github.com/babel/babel"
"@babel/types@7.26.10","MIT","extension","The Babel Team","https://github.com/babel/babel"
"@chakra-ui/anatomy@2.2.2","MIT","dashboard","Segun Adebayo","https://github.com/chakra-ui/chakra-ui"
"@chakra-ui/anatomy@2.3.6","MIT","dashboard;extension","Segun Adebayo","https://github.com/chakra-ui/chakra-ui"
"@chakra-ui/color-mode@2.2.0","MIT","dashboard","Segun Adebayo","https://github.com/chakra-ui/chakra-ui"
"@chakra-ui/hooks@2.4.4","MIT","dashboard;extension","Segun Adebayo","https://github.com/chakra-ui/chakra-ui"
"@chakra-ui/icon@3.0.16","MIT","dashboard","Segun Adebayo","https://github.com/chakra-ui/chakra-ui"
"@chakra-ui/icons@2.0.17","MIT","dashboard","Segun Adebayo","https://github.com/chakra-ui/chakra-ui"
"@chakra-ui/object-utils@2.1.0","MIT","dashboard","Segun Adebayo","https://github.com/chakra-ui/chakra-ui"
"@chakra-ui/react-use-safe-layout-effect@2.1.0","MIT","dashboard","Segun Adebayo","https://github.com/chakra-ui/chakra-ui"
"@chakra-ui/react-utils@2.0.12","MIT","dashboard","Segun Adebayo","https://github.com/chakra-ui/chakra-ui"
"@chakra-ui/react@2.10.6","MIT","extension","Segun Adebayo","https://github.com/chakra-ui/chakra-ui"
"@chakra-ui/react@2.10.7","MIT","dashboard","Segun Adebayo","https://github.com/chakra-ui/chakra-ui"
"@chakra-ui/shared-utils@2.0.5","MIT","dashboard","Segun Adebayo","https://github.com/chakra-ui/chakra-ui"
"@chakra-ui/styled-system@2.12.2","MIT","dashboard;extension","Segun Adebayo","https://github.com/chakra-ui/chakra-ui"
"@chakra-ui/styled-system@2.9.2","MIT","dashboard","Segun Adebayo","https://github.com/chakra-ui/chakra-ui"
"@chakra-ui/system@2.6.2","MIT","dashboard","Segun Adebayo","https://github.com/chakra-ui/chakra-ui"
"@chakra-ui/theme-tools@2.1.2","MIT","dashboard","Segun Adebayo","https://github.com/chakra-ui/chakra-ui"
"@chakra-ui/theme-tools@2.2.8","MIT","dashboard;extension","Segun Adebayo","https://github.com/chakra-ui/chakra-ui"
"@chakra-ui/theme-utils@2.0.21","MIT","dashboard","Segun Adebayo","https://github.com/chakra-ui/chakra-ui"
"@chakra-ui/theme@3.3.1","MIT","dashboard","Segun Adebayo","https://github.com/chakra-ui/chakra-ui"
"@chakra-ui/theme@3.4.8","MIT","dashboard;extension","Segun Adebayo","https://github.com/chakra-ui/chakra-ui"
"@chakra-ui/utils@2.0.15","MIT","dashboard","Segun Adebayo","https://github.com/chakra-ui/chakra-ui"
"@chakra-ui/utils@2.2.4","MIT","dashboard;extension","Segun Adebayo","https://github.com/chakra-ui/chakra-ui"
"@csstools/color-helpers@5.0.2","MIT-0","backend","","https://github.com/csstools/postcss-plugins"
"@csstools/css-calc@2.1.2","MIT","backend","","https://github.com/csstools/postcss-plugins"
"@csstools/css-color-parser@3.0.8","MIT","backend","","https://github.com/csstools/postcss-plugins"
"@csstools/css-parser-algorithms@3.0.4","MIT","backend","","https://github.com/csstools/postcss-plugins"
"@csstools/css-tokenizer@3.0.3","MIT","backend","","https://github.com/csstools/postcss-plugins"
"@emotion/babel-plugin@11.13.5","MIT","dashboard;extension","Kye Hohenberger","https://github.com/emotion-js/emotion/tree/main/packages/babel-plugin"
"@emotion/cache@11.14.0","MIT","dashboard;extension","","https://github.com/emotion-js/emotion/tree/main/packages/cache"
"@emotion/hash@0.9.2","MIT","dashboard;extension","","https://github.com/emotion-js/emotion/tree/main/packages/hash"
"@emotion/is-prop-valid@0.8.8","MIT","extension","","https://github.com/emotion-js/emotion/tree/master/packages/is-prop-valid"
"@emotion/is-prop-valid@1.3.1","MIT","dashboard;extension","","https://github.com/emotion-js/emotion/tree/main/packages/is-prop-valid"
"@emotion/memoize@0.7.4","MIT","extension","","https://github.com/emotion-js/emotion/tree/master/packages/memoize"
"@emotion/memoize@0.9.0","MIT","dashboard;extension","","https://github.com/emotion-js/emotion/tree/main/packages/memoize"
"@emotion/react@11.14.0","MIT","dashboard;extension","Emotion Contributors","https://github.com/emotion-js/emotion/tree/main/packages/react"
"@emotion/serialize@1.3.3","MIT","dashboard;extension","","https://github.com/emotion-js/emotion/tree/main/packages/serialize"
"@emotion/sheet@1.4.0","MIT","dashboard;extension","","https://github.com/emotion-js/emotion/tree/main/packages/sheet"
"@emotion/styled@11.14.0","MIT","dashboard;extension","","https://github.com/emotion-js/emotion/tree/main/packages/styled"
"@emotion/unitless@0.10.0","MIT","dashboard;extension","","https://github.com/emotion-js/emotion/tree/main/packages/unitless"
"@emotion/use-insertion-effect-with-fallbacks@1.2.0","MIT","dashboard;extension","","https://github.com/emotion-js/emotion/tree/main/packages/use-insertion-effect-with-fallbacks"
"@emotion/utils@1.4.2","MIT","dashboard;extension","","https://github.com/emotion-js/emotion/tree/main/packages/utils"
"@emotion/weak-memoize@0.4.0","MIT","dashboard;extension","","https://github.com/emotion-js/emotion/tree/main/packages/weak-memoize"
"@gilbarbara/deep-equal@0.1.2","MIT","dashboard","Gil Barbara","https://github.com/gilbarbara/deep-equal"
"@gilbarbara/deep-equal@0.3.1","MIT","dashboard","Gil Barbara","https://github.com/gilbarbara/deep-equal"
"@img/sharp-darwin-x64@0.33.5","Apache-2.0","backend","Lovell Fuller","https://github.com/lovell/sharp"
"@img/sharp-libvips-darwin-x64@1.0.4","LGPL-3.0-or-later","backend","Lovell Fuller","https://github.com/lovell/sharp-libvips"
"@jridgewell/gen-mapping@0.3.5","MIT","dashboard","Justin Ridgewell","https://github.com/jridgewell/gen-mapping"
"@jridgewell/gen-mapping@0.3.8","MIT","extension","Justin Ridgewell","https://github.com/jridgewell/gen-mapping"
"@jridgewell/resolve-uri@3.1.2","MIT","dashboard;extension","Justin Ridgewell","https://github.com/jridgewell/resolve-uri"
"@jridgewell/set-array@1.2.1","MIT","dashboard;extension","Justin Ridgewell","https://github.com/jridgewell/set-array"
"@jridgewell/sourcemap-codec@1.5.0","MIT","dashboard;extension","Rich Harris","https://github.com/jridgewell/sourcemap-codec"
"@jridgewell/trace-mapping@0.3.25","MIT","dashboard;extension","Justin Ridgewell","https://github.com/jridgewell/trace-mapping"
"@juggle/resize-observer@3.4.0","Apache-2.0","dashboard","Juggle","https://github.com/juggle/resize-observer"
"@mapbox/node-pre-gyp@1.0.11","BSD-3-Clause","backend","Dane Springmeyer","https://github.com/mapbox/node-pre-gyp"
"@motionone/animation@10.18.0","MIT","extension","Matt Perry",""
"@motionone/dom@10.18.0","MIT","extension","Matt Perry",""
"@motionone/easing@10.18.0","MIT","extension","Matt Perry",""
"@motionone/generators@10.18.0","MIT","extension","Matt Perry",""
"@motionone/types@10.17.1","MIT","extension","Matt Perry",""
"@motionone/utils@10.18.0","MIT","extension","Matt Perry",""
"@mozilla/readability@0.5.0","Apache-2.0","backend","","https://github.com/mozilla/readability"
"@pdf-lib/standard-fonts@1.0.0","MIT","backend","Andrew Dillon","https://github.com/Hopding/standard-fonts"
"@pdf-lib/upng@1.0.1","MIT","backend","photopea","https://github.com/Hopding/upng"
"@popperjs/core@2.11.8","MIT","dashboard;extension","Federico Zivolo","https://github.com/popperjs/popper-core"
"@puppeteer/browsers@2.7.1","Apache-2.0","backend","The Chromium Authors","https://github.com/puppeteer/puppeteer/tree/main/packages/browsers"
"@puppeteer/browsers@2.9.0","Apache-2.0","extension","The Chromium Authors","https://github.com/puppeteer/puppeteer/tree/main/packages/browsers"
"@reactflow/background@11.3.14","MIT","dashboard","","https://github.com/xyflow/xyflow"
"@reactflow/controls@11.2.14","MIT","dashboard","","https://github.com/xyflow/xyflow"
"@reactflow/core@11.11.4","MIT","dashboard","","https://github.com/xyflow/xyflow"
"@reactflow/minimap@11.7.14","MIT","dashboard","","https://github.com/xyflow/xyflow"
"@reactflow/node-resizer@2.2.14","MIT","dashboard","","https://github.com/xyflow/xyflow"
"@reactflow/node-toolbar@1.3.14","MIT","dashboard","","https://github.com/xyflow/xyflow"
"@redis/bloom@5.11.0","MIT","backend","","https://github.com/redis/node-redis"
"@redis/client@5.11.0","MIT","backend","","https://github.com/redis/node-redis"
"@redis/json@5.11.0","MIT","backend","","https://github.com/redis/node-redis"
"@redis/search@5.11.0","MIT","backend","","https://github.com/redis/node-redis"
"@redis/time-series@5.11.0","MIT","backend","","https://github.com/redis/node-redis"
"@remix-run/router@1.20.0","MIT","dashboard","Remix Software","https://github.com/remix-run/react-router"
"@remix-run/router@1.23.0","MIT","extension","Remix Software","https://github.com/remix-run/react-router"
"@socket.io/component-emitter@3.1.2","MIT","backend;dashboard","","https://github.com/socketio/emitter"
"@tanstack/query-core@5.59.13","MIT","dashboard","tannerlinsley","https://github.com/TanStack/query"
"@tanstack/query-devtools@5.58.0","MIT","dashboard","tannerlinsley","https://github.com/TanStack/query"
"@tanstack/react-query-devtools@5.59.15","MIT","dashboard","tannerlinsley","https://github.com/TanStack/query"
"@tanstack/react-query@5.59.15","MIT","dashboard","tannerlinsley","https://github.com/TanStack/query"
"@tootallnate/quickjs-emscripten@0.23.0","MIT","backend;extension","","https://github.com/justjake/quickjs-emscripten"
"@tweenjs/tween.js@25.0.0","MIT","dashboard","tween.js contributors","https://github.com/tweenjs/tween.js"
"@types/cors@2.8.19","MIT","backend","","https://github.com/DefinitelyTyped/DefinitelyTyped"
"@types/d3-array@3.2.1","MIT","dashboard","","https://github.com/DefinitelyTyped/DefinitelyTyped"
"@types/d3-axis@3.0.6","MIT","dashboard","","https://github.com/DefinitelyTyped/DefinitelyTyped"
"@types/d3-brush@3.0.6","MIT","dashboard","","https://github.com/DefinitelyTyped/DefinitelyTyped"
"@types/d3-chord@3.0.6","MIT","dashboard","","https://github.com/DefinitelyTyped/DefinitelyTyped"
"@types/d3-color@3.1.3","MIT","dashboard","","https://github.com/DefinitelyTyped/DefinitelyTyped"
"@types/d3-contour@3.0.6","MIT","dashboard","","https://github.com/DefinitelyTyped/DefinitelyTyped"
"@types/d3-delaunay@6.0.4","MIT","dashboard","","https://github.com/DefinitelyTyped/DefinitelyTyped"
"@types/d3-dispatch@3.0.7","MIT","dashboard","","https://github.com/DefinitelyTyped/DefinitelyTyped"
"@types/d3-drag@3.0.7","MIT","dashboard","","https://github.com/DefinitelyTyped/DefinitelyTyped"
"@types/d3-dsv@3.0.7","MIT","dashboard","","https://github.com/DefinitelyTyped/DefinitelyTyped"
"@types/d3-ease@3.0.2","MIT","dashboard","","https://github.com/DefinitelyTyped/DefinitelyTyped"
"@types/d3-fetch@3.0.7","MIT","dashboard","","https://github.com/DefinitelyTyped/DefinitelyTyped"
"@types/d3-force@3.0.10","MIT","dashboard","","https://github.com/DefinitelyTyped/DefinitelyTyped"
"@types/d3-format@3.0.4","MIT","dashboard","","https://github.com/DefinitelyTyped/DefinitelyTyped"
"@types/d3-geo@3.1.0","MIT","dashboard","","https://github.com/DefinitelyTyped/DefinitelyTyped"
"@types/d3-hierarchy@3.1.7","MIT","dashboard","","https://github.com/DefinitelyTyped/DefinitelyTyped"
"@types/d3-interpolate@3.0.4","MIT","dashboard","","https://github.com/DefinitelyTyped/DefinitelyTyped"
"@types/d3-path@3.1.1","MIT","dashboard","","https://github.com/DefinitelyTyped/DefinitelyTyped"
"@types/d3-polygon@3.0.2","MIT","dashboard","","https://github.com/DefinitelyTyped/DefinitelyTyped"
"@types/d3-quadtree@3.0.6","MIT","dashboard","","https://github.com/DefinitelyTyped/DefinitelyTyped"
"@types/d3-random@3.0.3","MIT","dashboard","","https://github.com/DefinitelyTyped/DefinitelyTyped"
"@types/d3-scale-chromatic@3.1.0","MIT","dashboard","","https://github.com/DefinitelyTyped/DefinitelyTyped"
"@types/d3-scale@4.0.9","MIT","dashboard","","https://github.com/DefinitelyTyped/DefinitelyTyped"
"@types/d3-selection@3.0.11","MIT","dashboard","","https://github.com/DefinitelyTyped/DefinitelyTyped"
"@types/d3-shape@3.1.7","MIT","dashboard","","https://github.com/DefinitelyTyped/DefinitelyTyped"
"@types/d3-time-format@4.0.3","MIT","dashboard","","https://github.com/DefinitelyTyped/DefinitelyTyped"
"@types/d3-time@3.0.4","MIT","dashboard","","https://github.com/DefinitelyTyped/DefinitelyTyped"
"@types/d3-timer@3.0.2","MIT","dashboard","","https://github.com/DefinitelyTyped/DefinitelyTyped"
"@types/d3-transition@3.0.9","MIT","dashboard","","https://github.com/DefinitelyTyped/DefinitelyTyped"
"@types/d3-zoom@3.0.8","MIT","dashboard","","https://github.com/DefinitelyTyped/DefinitelyTyped"
"@types/d3@7.4.3","MIT","dashboard","","https://github.com/DefinitelyTyped/DefinitelyTyped"
"@types/geojson@7946.0.16","MIT","dashboard","","https://github.com/DefinitelyTyped/DefinitelyTyped"
"@types/lodash.mergewith@4.6.7","MIT","dashboard","","https://github.com/DefinitelyTyped/DefinitelyTyped"
"@types/lodash.mergewith@4.6.9","MIT","dashboard;extension","","https://github.com/DefinitelyTyped/DefinitelyTyped"
"@types/lodash@4.17.10","MIT","dashboard","","https://github.com/DefinitelyTyped/DefinitelyTyped"
"@types/lodash@4.17.16","MIT","extension","","https://github.com/DefinitelyTyped/DefinitelyTyped"
"@types/node@22.13.10","MIT","extension","","https://github.com/DefinitelyTyped/DefinitelyTyped"
"@types/node@22.13.8","MIT","backend","","https://github.com/DefinitelyTyped/DefinitelyTyped"
"@types/parse-json@4.0.2","MIT","dashboard;extension","","https://github.com/DefinitelyTyped/DefinitelyTyped"
"@types/prop-types@15.7.13","MIT","dashboard","","https://github.com/DefinitelyTyped/DefinitelyTyped"
"@types/prop-types@15.7.14","MIT","extension","","https://github.com/DefinitelyTyped/DefinitelyTyped"
"@types/puppeteer@7.0.4","MIT","extension","",""
"@types/react@18.3.11","MIT","dashboard","","https://github.com/DefinitelyTyped/DefinitelyTyped"
"@types/react@18.3.18","MIT","extension","","https://github.com/DefinitelyTyped/DefinitelyTyped"
"@types/yauzl@2.10.3","MIT","backend;extension","","https://github.com/DefinitelyTyped/DefinitelyTyped"
"@zag-js/dom-query@0.31.1","MIT","dashboard;extension","Segun Adebayo","https://github.com/chakra-ui/zag/tree/main/packages/utilities/dom-helpers"
"@zag-js/element-size@0.31.1","MIT","dashboard;extension","Segun Adebayo","https://github.com/chakra-ui/zag/tree/main/packages/utilities/element-size"
"@zag-js/focus-visible@0.31.1","MIT","dashboard;extension","Segun Adebayo","https://github.com/chakra-ui/zag/tree/main/packages/utilities/focus-visible"
"abbrev@1.1.1","ISC","backend","Isaac Z. Schlueter","https://github.com/isaacs/abbrev-js"
"accepts@1.3.8","MIT","backend","","https://github.com/jshttp/accepts"
"accessor-fn@1.5.3","MIT","dashboard","Vasco Asturiano","https://github.com/vasturiano/accessor-fn"
"agent-base@6.0.2","MIT","backend","Nathan Rajlich","https://github.com/TooTallNate/node-agent-base"
"agent-base@7.1.3","MIT","backend;extension","Nathan Rajlich","https://github.com/TooTallNate/proxy-agents"
"agent-base@7.1.4","MIT","backend","Nathan Rajlich","https://github.com/TooTallNate/proxy-agents"
"ansi-regex@5.0.1","MIT","backend;extension","Sindre Sorhus","https://github.com/chalk/ansi-regex"
"ansi-styles@3.2.1","MIT","dashboard","Sindre Sorhus","https://github.com/chalk/ansi-styles"
"ansi-styles@4.3.0","MIT","backend;extension","Sindre Sorhus","https://github.com/chalk/ansi-styles"
"append-field@1.0.0","MIT","backend","Linus Unnebäck","https://github.com/LinusU/node-append-field"
"aproba@2.0.0","ISC","backend","Rebecca Turner","https://github.com/iarna/aproba"
"are-we-there-yet@2.0.0","ISC","backend","GitHub Inc.","https://github.com/npm/are-we-there-yet"
"argparse@2.0.1","Python-2.0","backend;extension","","https://github.com/nodeca/argparse"
"aria-hidden@1.2.4","MIT","dashboard;extension","Anton Korzunov","https://github.com/theKashey/aria-hidden"
"array-flatten@1.1.1","MIT","backend","Blake Embrey","https://github.com/blakeembrey/array-flatten"
"array-parallel@0.1.3","MIT","backend;extension","Jonathan Ong","https://github.com/component/array-parallel"
"array-series@0.1.5","MIT","backend;extension","Jonathan Ong","https://github.com/component/array-series"
"asn1.js@5.4.1","MIT","backend","Fedor Indutny","https://github.com/indutny/asn1.js"
"ast-types@0.13.4","MIT","backend;extension","Ben Newman","https://github.com/benjamn/ast-types"
"asynckit@0.4.0","MIT","backend;dashboard;extension","Alex Indigo","https://github.com/alexindigo/asynckit"
"aws-ssl-profiles@1.1.2","MIT","backend","https://github.com/wellwelwel","https://github.com/mysqljs/aws-ssl-profiles"
"axios@1.7.7","MIT","dashboard","Matt Zabriskie","https://github.com/axios/axios"
"axios@1.8.1","MIT","backend","Matt Zabriskie","https://github.com/axios/axios"
"axios@1.8.3","MIT","extension","Matt Zabriskie","https://github.com/axios/axios"
"b4a@1.6.7","Apache-2.0","backend;extension","Holepunch","https://github.com/holepunchto/b4a"
"babel-plugin-macros@3.1.0","MIT","dashboard;extension","Kent C. Dodds","https://github.com/kentcdodds/babel-plugin-macros"
"backend@1.0.0","ISC","backend","",""
"balanced-match@1.0.2","MIT","backend","Julian Gruber","https://github.com/juliangruber/balanced-match"
"bare-events@2.5.4","Apache-2.0","backend;extension","Holepunch","https://github.com/holepunchto/bare-events"
"bare-fs@4.0.1","Apache-2.0","backend","Holepunch","https://github.com/holepunchto/bare-fs"
"bare-fs@4.0.2","Apache-2.0","extension","Holepunch","https://github.com/holepunchto/bare-fs"
"bare-os@3.5.1","Apache-2.0","backend","Holepunch","https://github.com/holepunchto/bare-os"
"bare-os@3.6.1","Apache-2.0","extension","Holepunch","https://github.com/holepunchto/bare-os"
"bare-path@3.0.0","Apache-2.0","backend;extension","Holepunch","https://github.com/holepunchto/bare-path"
"bare-stream@2.6.5","Apache-2.0","backend;extension","Holepunch","https://github.com/holepunchto/bare-stream"
"base64-js@0.0.8","MIT","extension","T. Jameson Little","https://github.com/beatgammit/base64-js"
"base64-js@1.5.1","MIT","extension","T. Jameson Little","https://github.com/beatgammit/base64-js"
"base64id@2.0.0","MIT","backend","Kristian Faeldt","https://github.com/faeldt/base64id"
"basic-ftp@5.0.5","MIT","backend;extension","Patrick Juchli","https://github.com/patrickjuchli/basic-ftp"
"bcrypt@5.1.1","MIT","backend","Nick Campbell","https://github.com/kelektiv/node.bcrypt.js"
"bezier-js@6.1.4","MIT","dashboard","Pomax","https://github.com/Pomax/bezierjs"
"bignumber.js@9.0.0","MIT","backend;extension","Michael Mclaughlin","https://github.com/MikeMcl/bignumber.js"
"bl@4.1.0","MIT","extension","","https://github.com/rvagg/bl"
"bluebird@3.7.2","MIT","extension","Petka Antonov","https://github.com/petkaantonov/bluebird"
"bn.js@4.12.3","MIT","backend","Fedor Indutny","https://github.com/indutny/bn.js"
"body-parser@1.20.3","MIT","backend","","https://github.com/expressjs/body-parser"
"boolbase@1.0.0","ISC","backend;dashboard;extension","Felix Boehm","https://github.com/fb55/boolbase"
"brace-expansion@1.1.11","MIT","backend","Julian Gruber","https://github.com/juliangruber/brace-expansion"
"buffer-crc32@0.2.13","MIT","backend;extension","Brian J. Brennan","https://github.com/brianloveswords/buffer-crc32"
"buffer-equal-constant-time@1.0.1","BSD-3-Clause","backend","GoInstant Inc., a salesforce.com company","https://github.com/goinstant/buffer-equal-constant-time"
"buffer-from@1.1.2","MIT","backend","","https://github.com/LinusU/buffer-from"
"buffer@5.7.1","MIT","extension","Feross Aboukhadijeh","https://github.com/feross/buffer"
"busboy@1.6.0","MIT","backend","Brian White","https://github.com/mscdex/busboy"
"bytes@3.1.2","MIT","backend","TJ Holowaychuk","https://github.com/visionmedia/bytes.js"
"call-bind-apply-helpers@1.0.2","MIT","extension","Jordan Harband","https://github.com/ljharb/call-bind-apply-helpers"
"call-bind@1.0.7","MIT","backend","Jordan Harband","https://github.com/ljharb/call-bind"
"callsites@3.1.0","MIT","backend;dashboard;extension","Sindre Sorhus","https://github.com/sindresorhus/callsites"
"canvas-color-tracker@1.3.2","MIT","dashboard","Vasco Asturiano","https://github.com/vasturiano/canvas-color-tracker"
"canvas@3.1.0","MIT","extension","TJ Holowaychuk","https://github.com/Automattic/node-canvas"
"chalk@2.4.2","MIT","dashboard","","https://github.com/chalk/chalk"
"cheerio-select@2.1.0","BSD-2-Clause","backend;dashboard;extension","Felix Boehm","https://github.com/cheeriojs/cheerio-select"
"cheerio@1.0.0","MIT","backend;dashboard;extension","Matt Mueller","https://github.com/cheeriojs/cheerio"
"chownr@1.1.4","ISC","extension","Isaac Z. Schlueter","https://github.com/isaacs/chownr"
"chownr@2.0.0","ISC","backend","Isaac Z. Schlueter","https://github.com/isaacs/chownr"
"chrome@0.1.0","ISC","extension","afc163","https://github.com/afc163/chrome"
"chromium-bidi@2.0.0","Apache-2.0","backend","The Chromium Authors","https://github.com/GoogleChromeLabs/chromium-bidi"
"chromium-bidi@3.0.0","Apache-2.0","extension","The Chromium Authors","https://github.com/GoogleChromeLabs/chromium-bidi"
"classcat@5.0.5","MIT","dashboard","Jorge Bucaran","https://github.com/jorgebucaran/classcat"
"cliui@8.0.1","ISC","backend;extension","Ben Coe","https://github.com/yargs/cliui"
"clsx@2.1.1","MIT","dashboard","Luke Edwards","https://github.com/lukeed/clsx"
"cluster-key-slot@1.1.2","Apache-2.0","backend","Mike Diarmid","https://github.com/Salakar/cluster-key-slot"
"color-convert@1.9.3","MIT","dashboard","Heather Arthur","https://github.com/Qix-/color-convert"
"color-convert@2.0.1","MIT","backend;extension","Heather Arthur","https://github.com/Qix-/color-convert"
"color-name@1.1.3","MIT","dashboard","DY","https://github.com/dfcreative/color-name"
"color-name@1.1.4","MIT","backend;extension","DY","https://github.com/colorjs/color-name"
"color-string@1.9.1","MIT","backend","Heather Arthur","https://github.com/Qix-/color-string"
"color-support@1.1.3","ISC","backend","Isaac Z. Schlueter","https://github.com/isaacs/color-support"
"color@4.2.3","MIT","backend","","https://github.com/Qix-/color"
"color2k@2.0.3","MIT","dashboard;extension","Rico Kahler","https://github.com/ricokahler/color2k"
"combined-stream@1.0.8","MIT","backend;dashboard;extension","Felix Geisendörfer","https://github.com/felixge/node-combined-stream"
"compute-scroll-into-view@3.1.1","MIT","dashboard","Cody Olsen","https://github.com/scroll-into-view/compute-scroll-into-view"
"concat-map@0.0.1","MIT","backend","James Halliday","https://github.com/substack/node-concat-map"
"concat-stream@1.6.2","MIT","backend","Max Ogden","https://github.com/maxogden/concat-stream"
"console-control-strings@1.1.0","ISC","backend","Rebecca Turner","https://github.com/iarna/console-control-strings"
"content-disposition@0.5.4","MIT","backend","Douglas Christopher Wilson","https://github.com/jshttp/content-disposition"
"content-type@1.0.5","MIT","backend","Douglas Christopher Wilson","https://github.com/jshttp/content-type"
"convert-source-map@1.9.0","MIT","dashboard;extension","Thorsten Lorenz","https://github.com/thlorenz/convert-source-map"
"cookie-parser@1.4.7","MIT","backend","TJ Holowaychuk","https://github.com/expressjs/cookie-parser"
"cookie-signature@1.0.6","MIT","backend","TJ Holowaychuk","https://github.com/visionmedia/node-cookie-signature"
"cookie@0.7.1","MIT","backend","Roman Shtylman","https://github.com/jshttp/cookie"
"cookie@0.7.2","MIT","backend","Roman Shtylman","https://github.com/jshttp/cookie"
"copy-to-clipboard@3.3.3","MIT","dashboard;extension","sudodoki","https://github.com/sudodoki/copy-to-clipboard"
"core-util-is@1.0.3","MIT","backend;extension","Isaac Z. Schlueter","https://github.com/isaacs/core-util-is"
"cors@2.8.5","MIT","backend","Troy Goode","https://github.com/expressjs/cors"
"cosmiconfig@7.1.0","MIT","dashboard;extension","David Clark","https://github.com/davidtheclark/cosmiconfig"
"cosmiconfig@9.0.0","MIT","backend;extension","Daniel Fischer","https://github.com/cosmiconfig/cosmiconfig"
"cross-spawn@7.0.6","MIT","backend;extension","André Cruz","https://github.com/moxystudio/node-cross-spawn"
"css-box-model@1.2.1","MIT","dashboard","Alex Reardon","https://github.com/alexreardon/css-box-model"
"css-select@5.1.0","BSD-2-Clause","backend;dashboard;extension","Felix Boehm","https://github.com/fb55/css-select"
"css-what@6.1.0","BSD-2-Clause","backend;dashboard;extension","Felix Böhm","https://github.com/fb55/css-what"
"cssstyle@4.2.1","MIT","backend","","https://github.com/jsdom/cssstyle"
"csstype@3.1.3","MIT","dashboard;extension","Fredrik Nicol","https://github.com/frenic/csstype"
"csv-parser@3.2.0","MIT","backend","mafintosh","https://github.com/mafintosh/csv-parser"
"cytoscape-dagre@2.5.0","MIT","dashboard","Max Franz","https://github.com/cytoscape/cytoscape.js-dagre"
"cytoscape-qtip@2.8.0","MIT","dashboard","","https://github.com/cytoscape/cytoscape.js-qtip"
"cytoscape@3.33.1","MIT","dashboard","","https://github.com/cytoscape/cytoscape.js"
"d3-array@3.2.4","ISC","dashboard;extension","Mike Bostock","https://github.com/d3/d3-array"
"d3-binarytree@1.0.2","MIT","dashboard","Vasco Asturiano","https://github.com/vasturiano/d3-binarytree"
"d3-color@3.1.0","ISC","dashboard;extension","Mike Bostock","https://github.com/d3/d3-color"
"d3-dispatch@3.0.1","ISC","dashboard;extension","Mike Bostock","https://github.com/d3/d3-dispatch"
"d3-drag@3.0.0","ISC","dashboard","Mike Bostock","https://github.com/d3/d3-drag"
"d3-ease@3.0.1","BSD-3-Clause","dashboard;extension","Mike Bostock","https://github.com/d3/d3-ease"
"d3-force-3d@3.0.6","MIT","dashboard","Vasco Asturiano","https://github.com/vasturiano/d3-force-3d"
"d3-force@3.0.0","ISC","dashboard","Mike Bostock","https://github.com/d3/d3-force"
"d3-format@3.1.0","ISC","dashboard;extension","Mike Bostock","https://github.com/d3/d3-format"
"d3-interpolate@3.0.1","ISC","dashboard;extension","Mike Bostock","https://github.com/d3/d3-interpolate"
"d3-octree@1.1.0","MIT","dashboard","Vasco Asturiano","https://github.com/vasturiano/d3-octree"
"d3-path@3.1.0","ISC","dashboard;extension","Mike Bostock","https://github.com/d3/d3-path"
"d3-quadtree@3.0.1","ISC","dashboard","Mike Bostock","https://github.com/d3/d3-quadtree"
"d3-scale-chromatic@3.1.0","ISC","dashboard","Mike Bostock","https://github.com/d3/d3-scale-chromatic"
"d3-scale@4.0.2","ISC","dashboard;extension","Mike Bostock","https://github.com/d3/d3-scale"
"d3-selection@3.0.0","ISC","dashboard;extension","Mike Bostock","https://github.com/d3/d3-selection"
"d3-shape@3.2.0","ISC","dashboard;extension","Mike Bostock","https://github.com/d3/d3-shape"
"d3-time-format@4.1.0","ISC","dashboard;extension","Mike Bostock","https://github.com/d3/d3-time-format"
"d3-time@3.1.0","ISC","dashboard;extension","Mike Bostock","https://github.com/d3/d3-time"
"d3-timer@3.0.1","ISC","dashboard;extension","Mike Bostock","https://github.com/d3/d3-timer"
"d3-transition@3.0.1","ISC","dashboard;extension","Mike Bostock","https://github.com/d3/d3-transition"
"d3-zoom@3.0.0","ISC","dashboard","Mike Bostock","https://github.com/d3/d3-zoom"
"dagre@0.8.5","MIT","dashboard","Chris Pettitt","https://github.com/dagrejs/dagre"
"data-uri-to-buffer@6.0.2","MIT","backend;extension","Nathan Rajlich","https://github.com/TooTallNate/proxy-agents"
"data-urls@5.0.0","MIT","backend","Domenic Denicola","https://github.com/jsdom/data-urls"
"debug@2.6.9","MIT","backend","TJ Holowaychuk","https://github.com/visionmedia/debug"
"debug@3.2.7","MIT","backend;extension","TJ Holowaychuk","https://github.com/visionmedia/debug"
"debug@4.3.7","MIT","backend","Josh Junon","https://github.com/debug-js/debug"
"debug@4.4.0","MIT","backend;extension","Josh Junon","https://github.com/debug-js/debug"
"debug@4.4.3","MIT","backend;dashboard","Josh Junon","https://github.com/debug-js/debug"
"decimal.js-light@2.5.1","MIT","dashboard","Michael Mclaughlin","https://github.com/MikeMcl/decimal.js-light"
"decimal.js@10.5.0","MIT","backend","Michael Mclaughlin","https://github.com/MikeMcl/decimal.js"
"decompress-response@6.0.0","MIT","extension","Sindre Sorhus","https://github.com/sindresorhus/decompress-response"
"deep-diff@1.0.2","MIT","dashboard","Phillip Clark","https://github.com/flitbit/diff"
"deep-extend@0.6.0","MIT","extension","Viacheslav Lotsmanov","https://github.com/unclechu/node-deep-extend"
"deepmerge@4.3.1","MIT","dashboard","","https://github.com/TehShrike/deepmerge"
"define-data-property@1.1.4","MIT","backend","Jordan Harband","https://github.com/ljharb/define-data-property"
"degenerator@5.0.1","MIT","backend;extension","Nathan Rajlich","https://github.com/TooTallNate/proxy-agents"
"delayed-stream@1.0.0","MIT","backend;dashboard;extension","Felix Geisendörfer","https://github.com/felixge/node-delayed-stream"
"delegates@1.0.0","MIT","backend","","https://github.com/visionmedia/node-delegates"
"denque@2.1.0","Apache-2.0","backend","Invertase","https://github.com/invertase/denque"
"depd@2.0.0","MIT","backend","Douglas Christopher Wilson","https://github.com/dougwilson/nodejs-depd"
"destroy@1.2.0","MIT","backend","Jonathan Ong","https://github.com/stream-utils/destroy"
"detect-libc@2.0.3","Apache-2.0","backend;extension","Lovell Fuller","https://github.com/lovell/detect-libc"
"detect-node-es@1.1.0","MIT","dashboard;extension","Ilya Kantor","https://github.com/thekashey/detect-node"
"devtools-protocol@0.0.1402036","BSD-3-Clause","backend","The Chromium Authors","https://github.com/ChromeDevTools/devtools-protocol"
"devtools-protocol@0.0.1413902","BSD-3-Clause","extension","The Chromium Authors","https://github.com/ChromeDevTools/devtools-protocol"
"direction@1.0.4","MIT","dashboard","Titus Wormer","https://github.com/wooorm/direction"
"dom-helpers@5.2.1","MIT","dashboard","Jason Quense","https://github.com/react-bootstrap/dom-helpers"
"dom-serializer@2.0.0","MIT","backend;dashboard;extension","Felix Boehm","https://github.com/cheeriojs/dom-serializer"
"domelementtype@2.3.0","BSD-2-Clause","backend;dashboard;extension","Felix Boehm","https://github.com/fb55/domelementtype"
"domhandler@5.0.3","BSD-2-Clause","backend;dashboard;extension","Felix Boehm","https://github.com/fb55/domhandler"
"domutils@3.1.0","BSD-2-Clause","backend;dashboard","Felix Boehm","https://github.com/fb55/domutils"
"domutils@3.2.2","BSD-2-Clause","extension","Felix Boehm","https://github.com/fb55/domutils"
"dotenv@16.4.7","BSD-2-Clause","backend","","https://github.com/motdotla/dotenv"
"dunder-proto@1.0.1","MIT","extension","Jordan Harband","https://github.com/es-shims/dunder-proto"
"ecdsa-sig-formatter@1.0.11","Apache-2.0","backend","D2L Corporation","https://github.com/Brightspace/node-ecdsa-sig-formatter"
"ee-first@1.1.1","MIT","backend","Jonathan Ong","https://github.com/jonathanong/ee-first"
"emoji-regex@8.0.0","MIT","backend;extension","Mathias Bynens","https://github.com/mathiasbynens/emoji-regex"
"encodeurl@1.0.2","MIT","backend","","https://github.com/pillarjs/encodeurl"
"encodeurl@2.0.0","MIT","backend","","https://github.com/pillarjs/encodeurl"
"encoding-sniffer@0.2.0","MIT","backend;dashboard;extension","Felix Boehm","https://github.com/fb55/encoding-sniffer"
"end-of-stream@1.4.4","MIT","backend;extension","Mathias Buus","https://github.com/mafintosh/end-of-stream"
"engine.io-client@6.6.4","MIT","dashboard","","https://github.com/socketio/socket.io"
"engine.io-parser@5.2.3","MIT","backend;dashboard","","https://github.com/socketio/socket.io"
"engine.io@6.6.5","MIT","backend","Guillermo Rauch","https://github.com/socketio/socket.io"
"entities@4.5.0","BSD-2-Clause","backend;dashboard;extension","Felix Boehm","https://github.com/fb55/entities"
"env-paths@2.2.1","MIT","backend;extension","Sindre Sorhus","https://github.com/sindresorhus/env-paths"
"error-ex@1.3.2","MIT","backend;dashboard;extension","","https://github.com/qix-/node-error-ex"
"es-define-property@1.0.0","MIT","backend","Jordan Harband","https://github.com/ljharb/es-define-property"
"es-define-property@1.0.1","MIT","extension","Jordan Harband","https://github.com/ljharb/es-define-property"
"es-errors@1.3.0","MIT","backend;extension","Jordan Harband","https://github.com/ljharb/es-errors"
"es-object-atoms@1.1.1","MIT","extension","Jordan Harband","https://github.com/ljharb/es-object-atoms"
"es-set-tostringtag@2.1.0","MIT","extension","Jordan Harband","https://github.com/es-shims/es-set-tostringtag"
"escalade@3.2.0","MIT","backend;extension","Luke Edwards","https://github.com/lukeed/escalade"
"escape-html@1.0.3","MIT","backend","","https://github.com/component/escape-html"
"escape-string-regexp@1.0.5","MIT","dashboard","Sindre Sorhus","https://github.com/sindresorhus/escape-string-regexp"
"escape-string-regexp@4.0.0","MIT","dashboard;extension","Sindre Sorhus","https://github.com/sindresorhus/escape-string-regexp"
"escodegen@2.1.0","BSD-2-Clause","backend;extension","","https://github.com/estools/escodegen"
"esprima@4.0.1","BSD-2-Clause","backend;extension","Ariya Hidayat","https://github.com/jquery/esprima"
"estraverse@5.3.0","BSD-2-Clause","backend;extension","","https://github.com/estools/estraverse"
"esutils@2.0.3","BSD-2-Clause","backend;extension","","https://github.com/estools/esutils"
"etag@1.8.1","MIT","backend","","https://github.com/jshttp/etag"
"ev-emitter@2.1.2","MIT","dashboard","David DeSandro","https://github.com/metafizzy/ev-emitter"
"eventemitter3@4.0.7","MIT","dashboard","Arnout Kazemier","https://github.com/primus/eventemitter3"
"exeq@2.4.0","MIT","extension","afc163","https://github.com/afc163/exeq"
"expand-template@2.0.3","(MIT OR WTFPL)","extension","LM","https://github.com/ralphtheninja/expand-template"
"express@4.21.1","MIT","backend","TJ Holowaychuk","https://github.com/expressjs/express"
"extract-zip@2.0.1","BSD-2-Clause","backend;extension","max ogden","https://github.com/maxogden/extract-zip"
"fast-equals@5.2.2","MIT","dashboard","tony_quetano@planttheidea.com","https://github.com/planttheidea/fast-equals"
"fast-fifo@1.3.2","MIT","backend;extension","Mathias Buus","https://github.com/mafintosh/fast-fifo"
"fd-slicer@1.1.0","MIT","backend;extension","Andrew Kelley","https://github.com/andrewrk/node-fd-slicer"
"finalhandler@1.3.1","MIT","backend","Douglas Christopher Wilson","https://github.com/pillarjs/finalhandler"
"find-root@1.1.0","MIT","dashboard;extension","jsdnxx","https://github.com/js-n/find-root"
"float-tooltip@1.7.5","MIT","dashboard","Vasco Asturiano","https://github.com/vasturiano/float-tooltip"
"focus-lock@1.3.6","MIT","dashboard;extension","theKashey","https://github.com/theKashey/focus-lock"
"follow-redirects@1.15.9","MIT","backend;dashboard;extension","Ruben Verborgh","https://github.com/follow-redirects/follow-redirects"
"force-graph@1.51.2","MIT","dashboard","Vasco Asturiano","https://github.com/vasturiano/force-graph"
"form-data@4.0.1","MIT","backend;dashboard","Felix Geisendörfer","https://github.com/form-data/form-data"
"form-data@4.0.2","MIT","extension","Felix Geisendörfer","https://github.com/form-data/form-data"
"forwarded@0.2.0","MIT","backend","","https://github.com/jshttp/forwarded"
"framer-motion@11.18.2","MIT","dashboard","Matt Perry","https://github.com/motiondivision/motion"
"framer-motion@7.10.3","MIT","extension","Framer","https://github.com/framer/motion"
"framesync@6.1.2","MIT","dashboard;extension","Matt Perry","https://github.com/Popmotion/popmotion"
"fresh@0.5.2","MIT","backend","TJ Holowaychuk","https://github.com/jshttp/fresh"
"fs-constants@1.0.0","MIT","extension","Mathias Buus","https://github.com/mafintosh/fs-constants"
"fs-extra@11.3.0","MIT","backend;extension","JP Richardson","https://github.com/jprichardson/node-fs-extra"
"fs-minipass@2.1.0","ISC","backend","Isaac Z. Schlueter","https://github.com/npm/fs-minipass"
"fs.realpath@1.0.0","ISC","backend","Isaac Z. Schlueter","https://github.com/isaacs/fs.realpath"
"fs@0.0.1-security","ISC","backend","","https://github.com/npm/security-holder"
"function-bind@1.1.2","MIT","backend;dashboard;extension","Raynos","https://github.com/Raynos/function-bind"
"gauge@3.0.2","ISC","backend","Rebecca Turner","https://github.com/iarna/gauge"
"generate-function@2.3.1","MIT","backend","Mathias Buus","https://github.com/mafintosh/generate-function"
"get-caller-file@2.0.5","ISC","backend;extension","Stefan Penner","https://github.com/stefanpenner/get-caller-file"
"get-intrinsic@1.2.4","MIT","backend","Jordan Harband","https://github.com/ljharb/get-intrinsic"
"get-intrinsic@1.3.0","MIT","extension","Jordan Harband","https://github.com/ljharb/get-intrinsic"
"get-nonce@1.0.1","MIT","dashboard;extension","Anton Korzunov","https://github.com/theKashey/get-nonce"
"get-proto@1.0.1","MIT","extension","Jordan Harband","https://github.com/ljharb/get-proto"
"get-stream@5.2.0","MIT","backend;extension","Sindre Sorhus","https://github.com/sindresorhus/get-stream"
"get-uri@6.0.4","MIT","backend;extension","Nathan Rajlich","https://github.com/TooTallNate/proxy-agents"
"github-from-package@0.0.0","MIT","extension","James Halliday","https://github.com/substack/github-from-package"
"glob@7.2.3","ISC","backend","Isaac Z. Schlueter","https://github.com/isaacs/node-glob"
"globals@11.12.0","MIT","dashboard;extension","Sindre Sorhus","https://github.com/sindresorhus/globals"
"gm@1.25.1","MIT","backend;extension","Aaron Heckmann","https://github.com/aheckmann/gm"
"google-protobuf@3.21.4","(BSD-3-Clause AND Apache-2.0)","backend","Google Protocol Buffers Team","https://github.com/protocolbuffers/protobuf-javascript"
"gopd@1.0.1","MIT","backend","Jordan Harband","https://github.com/ljharb/gopd"
"gopd@1.2.0","MIT","extension","Jordan Harband","https://github.com/ljharb/gopd"
"graceful-fs@4.2.11","ISC","backend;extension","","https://github.com/isaacs/node-graceful-fs"
"graphlib@2.1.8","MIT","dashboard","Chris Pettitt","https://github.com/dagrejs/graphlib"
"has-flag@3.0.0","MIT","dashboard","Sindre Sorhus","https://github.com/sindresorhus/has-flag"
"has-property-descriptors@1.0.2","MIT","backend","Jordan Harband","https://github.com/inspect-js/has-property-descriptors"
"has-proto@1.0.3","MIT","backend","Jordan Harband","https://github.com/inspect-js/has-proto"
"has-symbols@1.0.3","MIT","backend","Jordan Harband","https://github.com/inspect-js/has-symbols"
"has-symbols@1.1.0","MIT","extension","Jordan Harband","https://github.com/inspect-js/has-symbols"
"has-tostringtag@1.0.2","MIT","extension","Jordan Harband","https://github.com/inspect-js/has-tostringtag"
"has-unicode@2.0.1","ISC","backend","Rebecca Turner","https://github.com/iarna/has-unicode"
"hasown@2.0.2","MIT","backend;dashboard;extension","Jordan Harband","https://github.com/inspect-js/hasOwn"
"hey-listen@1.0.8","MIT","extension","Matt Perry","https://github.com/Popmotion/hey-listen"
"hoist-non-react-statics@3.3.2","BSD-3-Clause","dashboard;extension","Michael Ridgway","https://github.com/mridgway/hoist-non-react-statics"
"html-encoding-sniffer@4.0.0","MIT","backend","Domenic Denicola","https://github.com/jsdom/html-encoding-sniffer"
"htmlparser2@9.1.0","MIT","backend;dashboard;extension","Felix Boehm","https://github.com/fb55/htmlparser2"
"http_ece@1.2.0","MIT","backend","Martin Thomson","https://github.com/martinthomson/encrypted-content-encoding"
"http-errors@2.0.0","MIT","backend","Jonathan Ong","https://github.com/jshttp/http-errors"
"http-proxy-agent@7.0.2","MIT","backend;extension","Nathan Rajlich","https://github.com/TooTallNate/proxy-agents"
"https-proxy-agent@5.0.1","MIT","backend","Nathan Rajlich","https://github.com/TooTallNate/node-https-proxy-agent"
"https-proxy-agent@7.0.6","MIT","backend;extension","Nathan Rajlich","https://github.com/TooTallNate/proxy-agents"
"iconv-lite@0.4.24","MIT","backend","Alexander Shtuchkin","https://github.com/ashtuchkin/iconv-lite"
"iconv-lite@0.6.3","MIT","backend;dashboard;extension","Alexander Shtuchkin","https://github.com/ashtuchkin/iconv-lite"
"ieee754@1.2.1","BSD-3-Clause","extension","Feross Aboukhadijeh","https://github.com/feross/ieee754"
"imagesloaded@5.0.0","MIT","dashboard","David DeSandro","https://github.com/desandro/imagesloaded"
"immer@10.2.0","MIT","dashboard","Michel Weststrate","https://github.com/immerjs/immer"
"import-fresh@3.3.0","MIT","dashboard","Sindre Sorhus","https://github.com/sindresorhus/import-fresh"
"import-fresh@3.3.1","MIT","backend;extension","Sindre Sorhus","https://github.com/sindresorhus/import-fresh"
"index-array-by@1.4.2","MIT","dashboard","Vasco Asturiano","https://github.com/vasturiano/index-array-by"
"inflight@1.0.6","ISC","backend","Isaac Z. Schlueter","https://github.com/npm/inflight"
"inherits@2.0.3","ISC","backend","","https://github.com/isaacs/inherits"
"inherits@2.0.4","ISC","backend;extension","","https://github.com/isaacs/inherits"
"ini@1.3.8","ISC","extension","Isaac Z. Schlueter","https://github.com/isaacs/ini"
"internmap@2.0.3","ISC","dashboard;extension","Mike Bostock","https://github.com/mbostock/internmap"
"ip-address@9.0.5","MIT","backend;extension","Beau Gunderson","https://github.com/beaugunderson/ip-address"
"ipaddr.js@1.9.1","MIT","backend","whitequark","https://github.com/whitequark/ipaddr.js"
"is-arrayish@0.2.1","MIT","backend;dashboard;extension","Qix","https://github.com/qix-/node-is-arrayish"
"is-arrayish@0.3.2","MIT","backend","Qix","https://github.com/qix-/node-is-arrayish"
"is-core-module@2.16.1","MIT","dashboard;extension","Jordan Harband","https://github.com/inspect-js/is-core-module"
"is-fullwidth-code-point@3.0.0","MIT","backend;extension","Sindre Sorhus","https://github.com/sindresorhus/is-fullwidth-code-point"
"is-hotkey@0.2.0","MIT","dashboard","","https://github.com/ianstormtaylor/is-hotkey"
"is-lite@0.8.2","MIT","dashboard","Gil Barbara","https://github.com/gilbarbara/is-lite"
"is-lite@1.2.1","MIT","dashboard","Gil Barbara","https://github.com/gilbarbara/is-lite"
"is-plain-object@5.1.0","MIT","dashboard","Jon Schlinkert","https://github.com/jonschlinkert/is-plain-object"
"is-potential-custom-element-name@1.0.1","MIT","backend","Mathias Bynens","https://github.com/mathiasbynens/is-potential-custom-element-name"
"is-property@1.0.2","MIT","backend","Mikola Lysenko","https://github.com/mikolalysenko/is-property"
"isarray@1.0.0","MIT","backend;extension","Julian Gruber","https://github.com/juliangruber/isarray"
"isexe@2.0.0","ISC","backend;extension","Isaac Z. Schlueter","https://github.com/isaacs/isexe"
"jerrypick@1.1.2","MIT","dashboard","Vasco Asturiano","https://github.com/vasturiano/jerrypick"
"jQuery@1.7.4","MIT","dashboard","James Morrin","https://github.com/coolaj86/node-jquery"
"jquery@3.7.1","MIT","dashboard","OpenJS Foundation and other contributors","https://github.com/jquery/jquery"
"js-tokens@4.0.0","MIT","backend;dashboard;extension","Simon Lydell","https://github.com/lydell/js-tokens"
"js-yaml@4.1.0","MIT","backend;extension","Vladimir Zapparov","https://github.com/nodeca/js-yaml"
"jsbn@1.1.0","MIT","backend;extension","Tom Wu","https://github.com/andyperlitch/jsbn"
"jsdom@26.0.0","MIT","backend","","https://github.com/jsdom/jsdom"
"jsesc@3.0.2","MIT","dashboard","Mathias Bynens","https://github.com/mathiasbynens/jsesc"
"jsesc@3.1.0","MIT","extension","Mathias Bynens","https://github.com/mathiasbynens/jsesc"
"json-parse-even-better-errors@2.3.1","MIT","backend;dashboard;extension","Kat Marchán","https://github.com/npm/json-parse-even-better-errors"
"jsonfile@6.1.0","MIT","backend;extension","JP Richardson","https://github.com/jprichardson/node-jsonfile"
"jsonrepair@3.12.0","ISC","backend;extension","Jos de Jong","https://github.com/josdejong/jsonrepair"
"jsonwebtoken@9.0.2","MIT","backend","auth0","https://github.com/auth0/node-jsonwebtoken"
"jwa@1.4.1","MIT","backend","Brian J. Brennan","https://github.com/brianloveswords/node-jwa"
"jwa@2.0.1","MIT","backend","Brian J. Brennan","https://github.com/brianloveswords/node-jwa"
"jws@3.2.2","MIT","backend","Brian J Brennan","https://github.com/brianloveswords/node-jws"
"jws@4.0.1","MIT","backend","Brian J Brennan","https://github.com/brianloveswords/node-jws"
"kapsule@1.16.3","MIT","dashboard","Vasco Asturiano","https://github.com/vasturiano/kapsule"
"lines-and-columns@1.2.4","MIT","backend;dashboard;extension","Brian Donovan","https://github.com/eventualbuddha/lines-and-columns"
"lodash-es@4.17.21","MIT","extension","John-David Dalton","https://github.com/lodash/lodash"
"lodash-es@4.18.1","MIT","dashboard","John-David Dalton","https://github.com/lodash/lodash"
"lodash.debounce@4.0.8","MIT","dashboard","John-David Dalton","https://github.com/lodash/lodash"
"lodash.includes@4.3.0","MIT","backend","John-David Dalton","https://github.com/lodash/lodash"
"lodash.isboolean@3.0.3","MIT","backend","John-David Dalton","https://github.com/lodash/lodash"
"lodash.isinteger@4.0.4","MIT","backend","John-David Dalton","https://github.com/lodash/lodash"
"lodash.isnumber@3.0.3","MIT","backend","John-David Dalton","https://github.com/lodash/lodash"
"lodash.isplainobject@4.0.6","MIT","backend","John-David Dalton","https://github.com/lodash/lodash"
"lodash.isstring@4.0.1","MIT","backend","John-David Dalton","https://github.com/lodash/lodash"
"lodash.mergewith@4.6.2","MIT","dashboard;extension","John-David Dalton","https://github.com/lodash/lodash"
"lodash.once@4.1.1","MIT","backend","John-David Dalton","https://github.com/lodash/lodash"
"lodash@3.10.1","MIT","extension","John-David Dalton","https://github.com/lodash/lodash"
"lodash@4.17.21","MIT","dashboard","John-David Dalton","https://github.com/lodash/lodash"
"long@5.3.1","Apache-2.0","backend","Daniel Wirtz","https://github.com/dcodeIO/long.js"
"loose-envify@1.4.0","MIT","dashboard;extension","Andres Suarez","https://github.com/zertosh/loose-envify"
"lru-cache@10.4.3","ISC","backend","Isaac Z. Schlueter","https://github.com/isaacs/node-lru-cache"
"lru-cache@7.18.3","ISC","backend;extension","Isaac Z. Schlueter","https://github.com/isaacs/node-lru-cache"
"lru.min@1.1.1","MIT","backend","https://github.com/wellwelwel","https://github.com/wellwelwel/lru.min"
"make-dir@3.1.0","MIT","backend","Sindre Sorhus","https://github.com/sindresorhus/make-dir"
"math-intrinsics@1.1.0","MIT","extension","Jordan Harband","https://github.com/es-shims/math-intrinsics"
"media-typer@0.3.0","MIT","backend","Douglas Christopher Wilson","https://github.com/jshttp/media-typer"
"memoize-one@6.0.0","MIT","extension","Alex Reardon","https://github.com/alexreardon/memoize-one"
"merge-descriptors@1.0.3","MIT","backend","Jonathan Ong","https://github.com/sindresorhus/merge-descriptors"
"methods@1.1.2","MIT","backend","","https://github.com/jshttp/methods"
"mime-db@1.52.0","MIT","backend;dashboard;extension","","https://github.com/jshttp/mime-db"
"mime-types@2.1.35","MIT","backend;dashboard;extension","","https://github.com/jshttp/mime-types"
"mime@1.6.0","MIT","backend","Robert Kieffer","https://github.com/broofa/node-mime"
"mimic-response@3.1.0","MIT","extension","Sindre Sorhus","https://github.com/sindresorhus/mimic-response"
"minimalistic-assert@1.0.1","ISC","backend","","https://github.com/calvinmetcalf/minimalistic-assert"
"minimatch@3.1.2","ISC","backend","Isaac Z. Schlueter","https://github.com/isaacs/minimatch"
"minimist@1.2.8","MIT","backend;extension","James Halliday","https://github.com/minimistjs/minimist"
"minipass@3.3.6","ISC","backend","Isaac Z. Schlueter","https://github.com/isaacs/minipass"
"minipass@5.0.0","ISC","backend","Isaac Z. Schlueter","https://github.com/isaacs/minipass"
"minizlib@2.1.2","MIT","backend","Isaac Z. Schlueter","https://github.com/isaacs/minizlib"
"mitt@3.0.1","MIT","backend;extension","","https://github.com/developit/mitt"
"mkdirp-classic@0.5.3","MIT","extension","Mathias Buus","https://github.com/mafintosh/mkdirp-classic"
"mkdirp@0.5.6","MIT","backend","James Halliday","https://github.com/substack/node-mkdirp"
"mkdirp@1.0.4","MIT","backend","","https://github.com/isaacs/node-mkdirp"
"motion-dom@11.18.1","MIT","dashboard","Matt Perry","https://github.com/motiondivision/motion"
"motion-utils@11.18.1","MIT","dashboard","Matt Perry","https://github.com/motiondivision/motion"
"ms@2.0.0","MIT","backend","","https://github.com/zeit/ms"
"ms@2.1.3","MIT","backend;dashboard;extension","","https://github.com/vercel/ms"
"multer@1.4.5-lts.2","MIT","backend","","https://github.com/expressjs/multer"
"mysql@2.18.1","MIT","backend;extension","Felix Geisendörfer","https://github.com/mysqljs/mysql"
"mysql2@3.12.0","MIT","backend","Andrey Sidorov","https://github.com/sidorares/node-mysql2"
"named-placeholders@1.1.3","MIT","backend","Andrey Sidorov","https://github.com/sidorares/named-placeholders"
"napi-build-utils@2.0.0","MIT","extension","Jim Schlight","https://github.com/inspiredware/napi-build-utils"
"native-or-bluebird@1.2.0","MIT","extension","Jonathan Ong","https://github.com/normalize/native-or-bluebird"
"negotiator@0.6.3","MIT","backend","","https://github.com/jshttp/negotiator"
"netmask@2.0.2","MIT","backend;extension","Olivier Poitrey","https://github.com/rs/node-netmask"
"node-abi@3.74.0","MIT","extension","Lukas Geiger","https://github.com/electron/node-abi"
"node-addon-api@5.1.0","MIT","backend","","https://github.com/nodejs/node-addon-api"
"node-addon-api@7.1.1","MIT","extension","","https://github.com/nodejs/node-addon-api"
"node-ensure@0.0.0","MIT","backend;extension","Carl A. Bauer","https://github.com/bauerca/node-ensure"
"node-fetch@2.7.0","MIT","backend","David Frank","https://github.com/bitinn/node-fetch"
"nodemailer@7.0.3","MIT-0","backend","Andris Reinman","https://github.com/nodemailer/nodemailer"
"nopt@5.0.0","ISC","backend","Isaac Z. Schlueter","https://github.com/npm/nopt"
"npmlog@5.0.1","ISC","backend","Isaac Z. Schlueter","https://github.com/npm/npmlog"
"nth-check@2.1.1","BSD-2-Clause","backend;dashboard;extension","Felix Boehm","https://github.com/fb55/nth-check"
"nwsapi@2.2.16","MIT","backend","Diego Perini","https://github.com/dperini/nwsapi"
"oauth@0.10.2","MIT","extension","Ciaran Jessup","https://github.com/ciaranj/node-oauth"
"object-assign@4.1.1","MIT","backend;dashboard;extension","Sindre Sorhus","https://github.com/sindresorhus/object-assign"
"object-inspect@1.13.2","MIT","backend","James Halliday","https://github.com/inspect-js/object-inspect"
"on-finished@2.4.1","MIT","backend","","https://github.com/jshttp/on-finished"
"once@1.4.0","ISC","backend;extension","Isaac Z. Schlueter","https://github.com/isaacs/once"
"openai@6.34.0","Apache-2.0","backend","OpenAI","https://github.com/openai/openai-node"
"opentimestamp@0.1.8","Unlicense","backend","David Arvan","https://github.com/OpenDataFormats/opentimestamp"
"pac-proxy-agent@7.2.0","MIT","backend;extension","Nathan Rajlich","https://github.com/TooTallNate/proxy-agents"
"pac-resolver@7.0.1","MIT","backend;extension","Nathan Rajlich","https://github.com/TooTallNate/proxy-agents"
"pako@1.0.11","(MIT AND Zlib)","backend","","https://github.com/nodeca/pako"
"parent-module@1.0.1","MIT","backend;dashboard;extension","Sindre Sorhus","https://github.com/sindresorhus/parent-module"
"parse-json@5.2.0","MIT","backend;dashboard;extension","Sindre Sorhus","https://github.com/sindresorhus/parse-json"
"parse5-htmlparser2-tree-adapter@7.1.0","MIT","backend;dashboard;extension","Ivan Nikulin","https://github.com/inikulin/parse5"
"parse5-parser-stream@7.1.2","MIT","backend;dashboard;extension","Ivan Nikulin","https://github.com/inikulin/parse5"
"parse5@7.2.0","MIT","dashboard","Ivan Nikulin","https://github.com/inikulin/parse5"
"parse5@7.2.1","MIT","backend;extension","Ivan Nikulin","https://github.com/inikulin/parse5"
"parseurl@1.3.3","MIT","backend","","https://github.com/pillarjs/parseurl"
"path-is-absolute@1.0.1","MIT","backend","Sindre Sorhus","https://github.com/sindresorhus/path-is-absolute"
"path-key@3.1.1","MIT","backend;extension","Sindre Sorhus","https://github.com/sindresorhus/path-key"
"path-parse@1.0.7","MIT","dashboard;extension","Javier Blanco","https://github.com/jbgutierrez/path-parse"
"path-to-regexp@0.1.10","MIT","backend","","https://github.com/pillarjs/path-to-regexp"
"path-type@4.0.0","MIT","dashboard;extension","Sindre Sorhus","https://github.com/sindresorhus/path-type"
"path@0.12.7","MIT","backend","Joyent","https://github.com/jinder/path"
"path2d@0.2.2","MIT","extension","nilzona","https://github.com/nilzona/path2d-polyfill"
"pdf-lib@1.17.1","MIT","backend","Andrew Dillon","https://github.com/Hopding/pdf-lib"
"pdf-parse@1.1.1","MIT","backend;extension","Mehmet Kozan","git+https://gitlab.com/autokent/pdf-parse"
"pdf-poppler@0.2.1","ISC","backend","Khishigbaatar N.","https://github.com/kb47/pdf-poppler"
"pdf2pic@3.1.4","MIT","backend;extension","Jacob Baring","https://github.com/yakovmeister/pdf2image"
"pdfjs-dist@4.8.69","Apache-2.0","extension","","https://github.com/mozilla/pdf.js"
"pend@1.2.0","MIT","backend;extension","Andrew Kelley","https://github.com/andrewrk/node-pend"
"picocolors@1.1.0","ISC","dashboard","Alexey Raspopov","https://github.com/alexeyraspopov/picocolors"
"picocolors@1.1.1","ISC","backend;extension","Alexey Raspopov","https://github.com/alexeyraspopov/picocolors"
"plist@1.2.0","MIT","extension","Nathan Rajlich","https://github.com/TooTallNate/node-plist"
"popper.js@1.16.1","MIT","dashboard","Federico Zivolo","https://github.com/FezVrasta/popper.js"
"preact@10.29.1","MIT","dashboard","","https://github.com/preactjs/preact"
"prebuild-install@7.1.3","MIT","extension","Mathias Buus","https://github.com/prebuild/prebuild-install"
"process-nextick-args@2.0.1","MIT","backend;extension","","https://github.com/calvinmetcalf/process-nextick-args"
"process@0.11.10","MIT","backend","Roman Shtylman","https://github.com/shtylman/node-process"
"progress@2.0.3","MIT","backend;extension","TJ Holowaychuk","https://github.com/visionmedia/node-progress"
"prop-types@15.8.1","MIT","dashboard;extension","","https://github.com/facebook/prop-types"
"proxy-addr@2.0.7","MIT","backend","Douglas Christopher Wilson","https://github.com/jshttp/proxy-addr"
"proxy-agent@6.5.0","MIT","backend;extension","Nathan Rajlich","https://github.com/TooTallNate/proxy-agents"
"proxy-from-env@1.1.0","MIT","backend;dashboard;extension","Rob Wu","https://github.com/Rob--W/proxy-from-env"
"pump@3.0.2","MIT","backend;extension","Mathias Buus Madsen","https://github.com/mafintosh/pump"
"punycode@2.3.1","MIT","backend","Mathias Bynens","https://github.com/mathiasbynens/punycode.js"
"puppeteer-core@24.3.0","Apache-2.0","backend","The Chromium Authors","https://github.com/puppeteer/puppeteer/tree/main/packages/puppeteer-core"
"puppeteer-core@24.5.0","Apache-2.0","extension","The Chromium Authors","https://github.com/puppeteer/puppeteer/tree/main/packages/puppeteer-core"
"puppeteer@24.3.0","Apache-2.0","backend","The Chromium Authors","https://github.com/puppeteer/puppeteer/tree/main/packages/puppeteer"
"puppeteer@24.5.0","Apache-2.0","extension","The Chromium Authors","https://github.com/puppeteer/puppeteer/tree/main/packages/puppeteer"
"qs@6.13.0","BSD-3-Clause","backend","","https://github.com/ljharb/qs"
"qtip2@3.0.3","MIT","dashboard","Craig Michael Thompson","https://github.com/qTip2/qTip2"
"range-parser@1.2.1","MIT","backend","TJ Holowaychuk","https://github.com/jshttp/range-parser"
"raw-body@2.5.2","MIT","backend","Jonathan Ong","https://github.com/stream-utils/raw-body"
"rc@1.2.8","(BSD-2-Clause OR MIT OR Apache-2.0)","extension","Dominic Tarr","https://github.com/dominictarr/rc"
"react-async-script@1.2.0","MIT","dashboard","Hugo Dozois","https://github.com/dozoisch/react-async-script"
"react-circular-progressbar@2.2.0","MIT","dashboard;extension","Kevin Qi","https://github.com/kevinsqi/react-circular-progressbar"
"react-clientside-effect@1.2.7","MIT","dashboard;extension","Dan Abramov","https://github.com/thekashey/react-clientside-effect"
"react-d3-speedometer@3.1.1","MIT","extension","palerdot","https://github.com/palerdot/react-d3-speedometer"
"react-dom@18.3.1","MIT","dashboard;extension","","https://github.com/facebook/react"
"react-draggable@4.5.0","MIT","dashboard","Matt Zabriskie","https://github.com/react-grid-layout/react-draggable"
"react-fast-compare@3.2.2","MIT","dashboard;extension","Chris Bolin","https://github.com/FormidableLabs/react-fast-compare"
"react-floater@0.7.9","MIT","dashboard","Gil Barbara","https://github.com/gilbarbara/react-floater"
"react-focus-lock@2.13.6","MIT","dashboard;extension","theKashey","https://github.com/theKashey/react-focus-lock"
"react-force-graph-2d@1.29.1","MIT","dashboard","Vasco Asturiano","https://github.com/vasturiano/react-force-graph"
"react-google-recaptcha@3.1.0","MIT","dashboard","Hugo Dozois","https://github.com/dozoisch/react-google-recaptcha"
"react-icons@5.3.0","MIT","dashboard","Goran Gajic","https://github.com/react-icons/react-icons"
"react-icons@5.5.0","MIT","extension","Goran Gajic","https://github.com/react-icons/react-icons"
"react-innertext@1.1.5","MIT","dashboard","Charles Stover","https://github.com/CharlesStover/react-innertext"
"react-is@16.13.1","MIT","dashboard;extension","","https://github.com/facebook/react"
"react-is@18.3.1","MIT","dashboard","","https://github.com/facebook/react"
"react-joyride@2.9.3","MIT","dashboard","Gil Barbara","https://github.com/gilbarbara/react-joyride"
"react-kapsule@2.5.7","MIT","dashboard","Vasco Asturiano","https://github.com/vasturiano/react-kapsule"
"react-remove-scroll-bar@2.3.8","MIT","dashboard;extension","Anton Korzunov","https://github.com/theKashey/react-remove-scroll-bar"
"react-remove-scroll@2.6.3","MIT","dashboard;extension","Anton Korzunov","https://github.com/theKashey/react-remove-scroll"
"react-router-dom@6.27.0","MIT","dashboard","Remix Software","https://github.com/remix-run/react-router"
"react-router-dom@6.30.0","MIT","extension","Remix Software","https://github.com/remix-run/react-router"
"react-router@6.27.0","MIT","dashboard","Remix Software","https://github.com/remix-run/react-router"
"react-router@6.30.0","MIT","extension","Remix Software","https://github.com/remix-run/react-router"
"react-smooth@4.0.4","MIT","dashboard","JasonHzq","https://github.com/recharts/react-smooth"
"react-style-singleton@2.2.3","MIT","dashboard;extension","Anton Korzunov","https://github.com/theKashey/react-style-singleton"
"react-transition-group@4.4.5","BSD-3-Clause","dashboard","","https://github.com/reactjs/react-transition-group"
"react@18.3.1","MIT","dashboard;extension","","https://github.com/facebook/react"
"reactflow@11.11.4","MIT","dashboard","","https://github.com/xyflow/xyflow"
"readable-stream@2.3.7","MIT","backend;extension","","https://github.com/nodejs/readable-stream"
"readable-stream@3.6.2","MIT","backend;extension","","https://github.com/nodejs/readable-stream"
"recharts-scale@0.4.5","MIT","dashboard","recharts group","https://github.com/recharts/recharts-scale"
"recharts@2.15.2","MIT","dashboard","recharts group","https://github.com/recharts/recharts"
"redis@5.11.0","MIT","backend","","https://github.com/redis/node-redis"
"redux-devtools-extension@2.13.9","MIT","extension","Mihail Diordiev","https://github.com/zalmoxisus/redux-devtools-extension"
"regenerator-runtime@0.14.1","MIT","dashboard;extension","Ben Newman","https://github.com/facebook/regenerator/tree/main/packages/runtime"
"require-directory@2.1.1","MIT","backend;extension","Troy Goode","https://github.com/troygoode/node-require-directory"
"resolve-from@4.0.0","MIT","backend;dashboard;extension","Sindre Sorhus","https://github.com/sindresorhus/resolve-from"
"resolve@1.22.10","MIT","dashboard;extension","James Halliday","https://github.com/browserify/resolve"
"rimraf@3.0.2","ISC","backend","Isaac Z. Schlueter","https://github.com/isaacs/rimraf"
"rrweb-cssom@0.8.0","MIT","backend","Nikita Vasilyev","https://github.com/rrweb-io/CSSOM"
"safe-buffer@5.1.2","MIT","backend;extension","Feross Aboukhadijeh","https://github.com/feross/safe-buffer"
"safe-buffer@5.2.1","MIT","backend;extension","Feross Aboukhadijeh","https://github.com/feross/safe-buffer"
"safer-buffer@2.1.2","MIT","backend;dashboard;extension","Nikita Skovoroda","https://github.com/ChALkeR/safer-buffer"
"saxes@6.0.0","ISC","backend","Louis-Dominique Dubeau","https://github.com/lddubeau/saxes"
"scheduler@0.23.2","MIT","dashboard;extension","","https://github.com/facebook/react"
"scroll-into-view-if-needed@3.1.0","MIT","dashboard","Cody Olsen","https://github.com/scroll-into-view/scroll-into-view-if-needed"
"scroll@3.0.1","MIT","dashboard","Michael Rhodes","https://github.com/michaelrhodes/scroll"
"scrollparent@2.1.0","ISC","dashboard","Ola Holmström","https://github.com/olahol/scrollparent.js"
"semver@6.3.1","ISC","backend","GitHub Inc.","https://github.com/npm/node-semver"
"semver@7.7.1","ISC","backend;extension","GitHub Inc.","https://github.com/npm/node-semver"
"send@0.19.0","MIT","backend","TJ Holowaychuk","https://github.com/pillarjs/send"
"seq-queue@0.0.5","MIT*","backend","changchang","https://github.com/changchang/seq-queue"
"serve-static@1.16.2","MIT","backend","Douglas Christopher Wilson","https://github.com/expressjs/serve-static"
"set-blocking@2.0.0","ISC","backend","Ben Coe","https://github.com/yargs/set-blocking"
"set-function-length@1.2.2","MIT","backend","Jordan Harband","https://github.com/ljharb/set-function-length"
"setprototypeof@1.2.0","ISC","backend","Wes Todd","https://github.com/wesleytodd/setprototypeof"
"sharp@0.33.5","Apache-2.0","backend","Lovell Fuller","https://github.com/lovell/sharp"
"shebang-command@2.0.0","MIT","backend;extension","Kevin Mårtensson","https://github.com/kevva/shebang-command"
"shebang-regex@3.0.0","MIT","backend;extension","Sindre Sorhus","https://github.com/sindresorhus/shebang-regex"
"side-channel@1.0.6","MIT","backend","Jordan Harband","https://github.com/ljharb/side-channel"
"signal-exit@3.0.7","ISC","backend","Ben Coe","https://github.com/tapjs/signal-exit"
"simple-concat@1.0.1","MIT","extension","Feross Aboukhadijeh","https://github.com/feross/simple-concat"
"simple-get@4.0.1","MIT","extension","Feross Aboukhadijeh","https://github.com/feross/simple-get"
"simple-swizzle@0.2.2","MIT","backend","Qix","https://github.com/qix-/node-simple-swizzle"
"slate-dom@0.112.2","MIT","dashboard","","https://github.com/ianstormtaylor/slate"
"slate-history@0.110.3","MIT","dashboard","","https://github.com/ianstormtaylor/slate"
"slate-react@0.112.0","MIT","dashboard","","https://github.com/ianstormtaylor/slate"
"slate@0.112.0","MIT","dashboard","","https://github.com/ianstormtaylor/slate"
"smart-buffer@4.2.0","MIT","backend;extension","Josh Glazebrook","https://github.com/JoshGlazebrook/smart-buffer"
"socket.io-adapter@2.5.6","MIT","backend","","https://github.com/socketio/socket.io"
"socket.io-client@4.8.3","MIT","dashboard","","https://github.com/socketio/socket.io"
"socket.io-parser@4.2.5","MIT","backend;dashboard","","https://github.com/socketio/socket.io"
"socket.io@4.8.3","MIT","backend","","https://github.com/socketio/socket.io"
"socks-proxy-agent@8.0.5","MIT","backend;extension","Nathan Rajlich","https://github.com/TooTallNate/proxy-agents"
"socks@2.8.4","MIT","backend;extension","Josh Glazebrook","https://github.com/JoshGlazebrook/socks"
"source-map@0.5.7","BSD-3-Clause","dashboard;extension","Nick Fitzgerald","https://github.com/mozilla/source-map"
"source-map@0.6.1","BSD-3-Clause","backend;extension","Nick Fitzgerald","https://github.com/mozilla/source-map"
"sprintf-js@1.1.3","BSD-3-Clause","backend;extension","Alexandru Mărășteanu","https://github.com/alexei/sprintf.js"
"sqlstring@2.3.1","MIT","backend;extension","","https://github.com/mysqljs/sqlstring"
"sqlstring@2.3.3","MIT","backend","","https://github.com/mysqljs/sqlstring"
"statuses@2.0.1","MIT","backend","","https://github.com/jshttp/statuses"
"storage@0.2.0","MIT","extension","Jon Schlinkert","https://github.com/jonschlinkert/storage"
"streamsearch@1.1.0","MIT","backend","Brian White","https://github.com/mscdex/streamsearch"
"streamx@2.22.0","MIT","backend;extension","Mathias Buus","https://github.com/mafintosh/streamx"
"string_decoder@1.1.1","MIT","backend;extension","","https://github.com/nodejs/string_decoder"
"string-width@4.2.3","MIT","backend;extension","Sindre Sorhus","https://github.com/sindresorhus/string-width"
"strip-ansi@6.0.1","MIT","backend;extension","Sindre Sorhus","https://github.com/chalk/strip-ansi"
"strip-json-comments@2.0.1","MIT","extension","Sindre Sorhus","https://github.com/sindresorhus/strip-json-comments"
"stylis@4.2.0","MIT","dashboard;extension","Sultan Tarimo","https://github.com/thysultan/stylis.js"
"supports-color@5.5.0","MIT","dashboard","Sindre Sorhus","https://github.com/chalk/supports-color"
"supports-preserve-symlinks-flag@1.0.0","MIT","dashboard;extension","Jordan Harband","https://github.com/inspect-js/node-supports-preserve-symlinks-flag"
"symbol-tree@3.2.4","MIT","backend","Joris van der Wel","https://github.com/jsdom/js-symbol-tree"
"tar-fs@2.1.2","MIT","extension","Mathias Buus","https://github.com/mafintosh/tar-fs"
"tar-fs@3.0.8","MIT","backend;extension","Mathias Buus","https://github.com/mafintosh/tar-fs"
"tar-stream@2.2.0","MIT","extension","Mathias Buus","https://github.com/mafintosh/tar-stream"
"tar-stream@3.1.7","MIT","backend;extension","Mathias Buus","https://github.com/mafintosh/tar-stream"
"tar@6.2.1","ISC","backend","GitHub Inc.","https://github.com/isaacs/node-tar"
"text-decoder@1.2.3","Apache-2.0","backend;extension","Holepunch","https://github.com/holepunchto/text-decoder"
"tiktoken@1.0.21","MIT","backend","","https://github.com/dqbd/tiktoken"
"tiny-invariant@1.3.1","MIT","dashboard","Alex Reardon","https://github.com/alexreardon/tiny-invariant"
"tiny-invariant@1.3.3","MIT","dashboard","Alex Reardon","https://github.com/alexreardon/tiny-invariant"
"tiny-warning@1.0.3","MIT","dashboard","Alex Reardon","https://github.com/alexreardon/tiny-warning"
"tinycolor2@1.6.0","MIT","dashboard","Brian Grinstead","https://github.com/bgrins/TinyColor"
"tldts-core@6.1.78","MIT","backend","Rémi Berson","https://github.com/remusao/tldts"
"tldts@6.1.78","MIT","backend","Rémi Berson","https://github.com/remusao/tldts"
"to-fast-properties@2.0.0","MIT","dashboard","Sindre Sorhus","https://github.com/sindresorhus/to-fast-properties"
"toggle-selection@1.0.6","MIT","dashboard;extension","sudodoki","https://github.com/sudodoki/toggle-selection"
"toidentifier@1.0.1","MIT","backend","Douglas Christopher Wilson","https://github.com/component/toidentifier"
"tough-cookie@5.1.1","BSD-3-Clause","backend","Jeremy Stashewsky","https://github.com/salesforce/tough-cookie"
"tr46@0.0.3","MIT","backend","Sebastian Mayr","https://github.com/Sebmaster/tr46.js"
"tr46@5.0.0","MIT","backend","Sebastian Mayr","https://github.com/jsdom/tr46"
"tree-changes@0.11.3","MIT","dashboard","Gil Barbara","https://github.com/gilbarbara/tree-changes"
"tree-changes@0.9.3","MIT","dashboard","Gil Barbara","https://github.com/gilbarbara/tree-changes"
"truthtrollers_extension@1.0.0","ISC","extension","",""
"tslib@1.14.1","0BSD","backend","Microsoft Corp.","https://github.com/Microsoft/tslib"
"tslib@2.4.0","0BSD","dashboard;extension","Microsoft Corp.","https://github.com/Microsoft/tslib"
"tslib@2.8.1","0BSD","backend;dashboard;extension","Microsoft Corp.","https://github.com/Microsoft/tslib"
"tunnel-agent@0.6.0","Apache-2.0","extension","Mikeal Rogers","https://github.com/mikeal/tunnel-agent"
"type-fest@4.41.0","(MIT OR CC0-1.0)","dashboard","Sindre Sorhus","https://github.com/sindresorhus/type-fest"
"type-is@1.6.18","MIT","backend","","https://github.com/jshttp/type-is"
"typed-query-selector@2.12.0","MIT","backend;extension","Pig Fang","https://github.com/g-plane/typed-query-selector"
"typedarray@0.0.6","MIT","backend","James Halliday","https://github.com/substack/typedarray"
"typescript@4.9.5","Apache-2.0","extension","Microsoft Corp.","https://github.com/Microsoft/TypeScript"
"undici-types@6.20.0","MIT","backend;extension","","https://github.com/nodejs/undici"
"undici@6.20.1","MIT","backend;dashboard","","https://github.com/nodejs/undici"
"undici@6.21.2","MIT","extension","","https://github.com/nodejs/undici"
"universalify@2.0.1","MIT","backend;extension","Ryan Zimmerman","https://github.com/RyanZim/universalify"
"unpipe@1.0.0","MIT","backend","Douglas Christopher Wilson","https://github.com/stream-utils/unpipe"
"use-callback-ref@1.3.3","MIT","dashboard;extension","theKashey","https://github.com/theKashey/use-callback-ref"
"use-sidecar@1.1.3","MIT","dashboard;extension","theKashey","https://github.com/theKashey/use-sidecar"
"use-sync-external-store@1.6.0","MIT","dashboard","","https://github.com/facebook/react"
"util-deprecate@1.0.2","MIT","backend;extension","Nathan Rajlich","https://github.com/TooTallNate/util-deprecate"
"util@0.10.4","MIT","backend","Joyent","https://github.com/defunctzombie/node-util"
"utils-merge@1.0.1","MIT","backend","Jared Hanson","https://github.com/jaredhanson/utils-merge"
"uuid@13.0.0","MIT","backend","","https://github.com/uuidjs/uuid"
"vary@1.1.2","MIT","backend","Douglas Christopher Wilson","https://github.com/jshttp/vary"
"veristrata-dashboard@0.0.0","UNLICENSED","dashboard","",""
"victory-vendor@36.9.2","MIT AND ISC","dashboard","Formidable","https://github.com/FormidableLabs/victory"
"w3c-xmlserializer@5.0.0","MIT","backend","","https://github.com/jsdom/w3c-xmlserializer"
"web-push@3.6.7","MPL-2.0","backend","Marco Castelluccio","https://github.com/web-push-libs/web-push"
"webextension-polyfill@0.12.0","MPL-2.0","dashboard;extension","Mozilla","https://github.com/mozilla/webextension-polyfill"
"webidl-conversions@3.0.1","BSD-2-Clause","backend","Domenic Denicola","https://github.com/jsdom/webidl-conversions"
"webidl-conversions@7.0.0","BSD-2-Clause","backend","Domenic Denicola","https://github.com/jsdom/webidl-conversions"
"whatwg-encoding@3.1.1","MIT","backend;dashboard;extension","Domenic Denicola","https://github.com/jsdom/whatwg-encoding"
"whatwg-mimetype@4.0.0","MIT","backend;dashboard;extension","Domenic Denicola","https://github.com/jsdom/whatwg-mimetype"
"whatwg-url@14.1.1","MIT","backend","Sebastian Mayr","https://github.com/jsdom/whatwg-url"
"whatwg-url@5.0.0","MIT","backend","Sebastian Mayr","https://github.com/jsdom/whatwg-url"
"which@2.0.2","ISC","backend;extension","Isaac Z. Schlueter","https://github.com/isaacs/node-which"
"wide-align@1.1.5","ISC","backend","Rebecca Turner","https://github.com/iarna/wide-align"
"wrap-ansi@7.0.0","MIT","backend;extension","Sindre Sorhus","https://github.com/chalk/wrap-ansi"
"wrappy@1.0.2","ISC","backend;extension","Isaac Z. Schlueter","https://github.com/npm/wrappy"
"ws@8.18.1","MIT","extension","Einar Otto Stangvik","https://github.com/websockets/ws"
"ws@8.18.3","MIT","backend;dashboard","Einar Otto Stangvik","https://github.com/websockets/ws"
"xml-name-validator@5.0.0","Apache-2.0","backend","Domenic Denicola","https://github.com/jsdom/xml-name-validator"
"xmlbuilder@4.0.0","MIT","extension","Ozgur Ozcitak","https://github.com/oozcitak/xmlbuilder-js"
"xmlchars@2.2.0","MIT","backend","Louis-Dominique Dubeau","https://github.com/lddubeau/xmlchars"
"xmldom@0.1.31","MIT*","extension","jindw","https://github.com/xmldom/xmldom"
"xmlhttprequest-ssl@2.1.2","MIT","dashboard","Michael de Wit","https://github.com/mjwwit/node-XMLHttpRequest"
"xtend@4.0.2","MIT","backend","Raynos","https://github.com/Raynos/xtend"
"y18n@5.0.8","ISC","backend;extension","Ben Coe","https://github.com/yargs/y18n"
"yallist@4.0.0","ISC","backend","Isaac Z. Schlueter","https://github.com/isaacs/yallist"
"yaml@1.10.2","ISC","dashboard;extension","Eemeli Aro","https://github.com/eemeli/yaml"
"yargs-parser@21.1.1","ISC","backend;extension","Ben Coe","https://github.com/yargs/yargs-parser"
"yargs@17.7.2","MIT","backend;extension","","https://github.com/yargs/yargs"
"yauzl@2.10.0","MIT","backend;extension","Josh Wolfe","https://github.com/thejoshwolfe/yauzl"
"youtube-transcript-api@1.1.2","MIT","extension","0x6a69616e","https://github.com/0x6a69616e/youtube-transcript-api"
"youtube-transcript@1.2.1","MIT","extension","Kakulukian","https://github.com/Kakulukian/youtube-transcript"
"zod@3.24.2","MIT","extension","Colin McDonnell","https://github.com/colinhacks/zod"
"zod@3.25.76","MIT","backend","Colin McDonnell","https://github.com/colinhacks/zod"
"zustand@4.5.7","MIT","dashboard","Paul Henschel","https://github.com/pmndrs/zustand"
"zustand@5.0.3","MIT","dashboard;extension","Paul Henschel","https://github.com/pmndrs/zustand"
